reservation_id,reservation_annulee,probabilite_annulation
R002267,1,0.23333333333333334
R002852,0,0.15666666666666668
R003752,1,0.35333333333333333
R009926,1,0.2833333333333333
R000141,0,0.16333333333333333
R004537,1,0.24
R004983,0,0.11666666666666667
R005365,0,0.17
R006971,1,0.30666666666666664
R008403,1,0.37333333333333335
R008416,1,0.51
R009595,1,0.2633333333333333
R009766,1,0.6233333333333333
R000233,0,0.19
R000625,1,0.37666666666666665
R002042,1,0.3466666666666667
R003015,1,0.31
R003117,1,0.27666666666666667
R003148,0,0.18
R003676,0,0.08333333333333333
R006636,1,0.38666666666666666
R008171,0,0.08333333333333333
R002243,1,0.22666666666666666
R002302,1,0.31333333333333335
R002359,1,0.31666666666666665
R002654,0,0.10666666666666667
R003221,1,0.26666666666666666
R003380,1,0.25
R004049,1,0.22333333333333333
R008147,1,0.4533333333333333
R009760,1,0.25666666666666665
R000979,1,0.4
R003368,1,0.3566666666666667
R009905,1,0.47333333333333333
R002964,0,0.09666666666666666
R003403,1,0.36
R003712,0,0.12333333333333334
R004881,0,0.11666666666666667
R006924,1,0.24666666666666667
R008031,0,0.07666666666666666
R009437,1,0.25
R000644,1,0.4
R002676,0,0.15
R003419,0,0.12666666666666668
R005008,1,0.24333333333333335
R005401,1,0.36666666666666664
R005804,1,0.37
R007627,0,0.1
R007851,0,0.20666666666666667
R000525,1,0.5166666666666667
R002285,1,0.3233333333333333
R003011,0,0.16
R004110,0,0.11666666666666667
R004282,0,0.09666666666666666
R004532,1,0.26
R004992,0,0.06333333333333334
R009219,0,0.19333333333333333
R009479,0,0.07333333333333333
R009731,0,0.19
R003408,1,0.31666666666666665
R004766,0,0.10333333333333333
R005476,0,0.12333333333333334
R009380,1,0.29333333333333333
R000792,0,0.09333333333333334
R001704,1,0.38
R004631,0,0.18666666666666668
R005547,0,0.10666666666666667
R006305,0,0.09333333333333334
R008428,1,0.36666666666666664
R009641,0,0.07
R000736,0,0.06333333333333334
R001176,1,0.42333333333333334
R002092,0,0.2
R005356,1,0.3433333333333333
R007599,1,0.37333333333333335
R007696,1,0.30666666666666664
R007792,1,0.38666666666666666
R007832,1,0.30666666666666664
R008743,0,0.11333333333333333
R009077,0,0.10333333333333333
R009886,1,0.24
R000268,1,0.39
R004304,1,0.4266666666666667
R004455,1,0.35333333333333333
R005150,0,0.10666666666666667
R007424,0,0.08666666666666667
R004557,1,0.3333333333333333
R007129,1,0.25
R007311,1,0.2866666666666667
R008725,1,0.22666666666666666
R008814,1,0.36333333333333334
R009426,1,0.2833333333333333
R000064,0,0.11333333333333333
R001270,1,0.25666666666666665
R002221,1,0.22666666666666666
R003274,1,0.3433333333333333
R007834,0,0.05
R007847,1,0.33
R008511,0,0.03333333333333333
R009727,0,0.15
R001899,1,0.31333333333333335
R003259,0,0.12666666666666668
R003570,0,0.21333333333333335
R003800,0,0.19666666666666666
R005121,1,0.35
R006029,1,0.3333333333333333
R006602,0,0.11666666666666667
R007495,0,0.18
R009482,1,0.31333333333333335
R009883,1,0.33666666666666667
R001083,1,0.42
R002503,0,0.17
R002530,1,0.25
R002531,0,0.06333333333333334
R004210,1,0.42333333333333334
R005248,1,0.36333333333333334
R006536,1,0.2733333333333333
R006819,0,0.17
R008672,1,0.23666666666666666
R009043,0,0.13
R009454,1,0.36666666666666664
R000662,1,0.3233333333333333
R002687,0,0.02
R002940,1,0.6133333333333333
R003028,1,0.27
R003673,1,0.2833333333333333
R005329,1,0.3566666666666667
R005607,1,0.42
R001350,1,0.38
R002425,1,0.37333333333333335
R002490,1,0.36333333333333334
R003061,0,0.043333333333333335
R003184,1,0.49666666666666665
R003367,0,0.11666666666666667
R003580,0,0.12333333333333334
R005333,1,0.3233333333333333
R006410,1,0.5066666666666667
R006745,1,0.4033333333333333
R008301,0,0.15666666666666668
R009668,0,0.19
R001885,0,0.13333333333333333
R003843,1,0.26666666666666666
R006975,1,0.23
R007622,1,0.29333333333333333
R008314,0,0.18333333333333332
R000576,1,0.3433333333333333
R000643,1,0.45666666666666667
R001751,0,0.10666666666666667
R002644,0,0.11333333333333333
R002915,1,0.24666666666666667
R004055,1,0.29
R004080,0,0.18666666666666668
R004396,0,0.14666666666666667
R004487,0,0.18333333333333332
R004764,1,0.42
R009236,1,0.23333333333333334
R009248,0,0.12333333333333334
R000868,0,0.02666666666666667
R001921,1,0.3
R001980,0,0.16
R003255,0,0.13
R003352,1,0.5633333333333334
R004781,1,0.29333333333333333
R005451,1,0.4033333333333333
R008598,1,0.36333333333333334
R009008,1,0.43333333333333335
R009902,1,0.25
R000840,0,0.11333333333333333
R004985,0,0.12333333333333334
R006216,1,0.3566666666666667
R006436,1,0.3233333333333333
R006517,1,0.25
R007029,0,0.09333333333333334
R008694,1,0.37
R009709,1,0.36
R000053,0,0.12
R001524,1,0.32666666666666666
R002217,1,0.22
R003284,0,0.16
R004852,1,0.24666666666666667
R006952,1,0.32
R008413,0,0.08666666666666667
R009491,0,0.16
R009891,0,0.18666666666666668
R000075,0,0.18666666666666668
R001443,0,0.19666666666666666
R001716,0,0.06333333333333334
R002219,0,0.14
R003736,0,0.21
R004279,1,0.38333333333333336
R005263,1,0.4166666666666667
R005940,0,0.16666666666666666
R006181,1,0.3433333333333333
R006240,1,0.39666666666666667
R006655,1,0.39666666666666667
R006996,1,0.35333333333333333
R007158,0,0.03
R008257,0,0.11333333333333333
R001596,1,0.4033333333333333
R001679,0,0.09
R003841,0,0.21333333333333335
R006340,1,0.38
R007191,0,0.10666666666666667
R007815,1,0.21666666666666667
R008658,1,0.2866666666666667
R009907,1,0.33
R009942,0,0.14333333333333334
R000237,1,0.23333333333333334
R000785,1,0.3
R001208,0,0.19
R001392,0,0.19333333333333333
R002478,0,0.15333333333333332
R003276,1,0.25
R006442,0,0.16
R007884,0,0.05
R001513,0,0.19666666666666666
R002750,1,0.24333333333333335
R004480,0,0.20333333333333334
R004553,0,0.11666666666666667
R004966,0,0.17666666666666667
R005428,1,0.2866666666666667
R005716,1,0.36
R006689,1,0.28
R000301,1,0.27
R001480,0,0.05
R002874,1,0.23
R002886,1,0.23333333333333334
R004994,1,0.30333333333333334
R006983,1,0.3933333333333333
R007743,1,0.29333333333333333
R008452,0,0.20666666666666667
R000114,0,0.05
R003883,0,0.04666666666666667
R004393,1,0.4533333333333333
R004428,1,0.32
R000405,1,0.3433333333333333
R001500,0,0.07333333333333333
R004001,1,0.3433333333333333
R004775,0,0.07
R004956,0,0.043333333333333335
R006185,1,0.3933333333333333
R007996,0,0.06666666666666667
R008152,1,0.5466666666666666
R000292,1,0.31
R001776,1,0.34
R003776,1,0.42333333333333334
R004267,1,0.36333333333333334
R004402,0,0.08666666666666667
R004464,0,0.06666666666666667
R004736,0,0.09
R005907,0,0.03333333333333333
R007594,1,0.4066666666666667
R007849,1,0.34
R008701,1,0.35333333333333333
R000189,0,0.19333333333333333
R002993,0,0.14666666666666667
R004807,0,0.21333333333333335
R005911,0,0.12333333333333334
R006087,0,0.16
R007408,0,0.16333333333333333
R007650,1,0.27
R007983,0,0.19666666666666666
R009958,1,0.31
R001614,0,0.20333333333333334
R002724,1,0.43
R005149,0,0.06
R006102,1,0.30333333333333334
R006813,1,0.35
R008040,1,0.22333333333333333
R009103,0,0.18666666666666668
R009992,1,0.37666666666666665
R003647,0,0.09666666666666666
R006561,1,0.32
R007852,0,0.04666666666666667
R007868,0,0.16666666666666666
R008491,1,0.23
R008492,0,0.09
R009222,0,0.13
R001695,1,0.35333333333333333
R003579,1,0.21666666666666667
R004262,0,0.11333333333333333
R007818,1,0.45
R008813,1,0.26666666666666666
R008825,1,0.24333333333333335
R008985,1,0.29
R000288,1,0.26
R000439,0,0.08
R001522,0,0.18
R003381,0,0.03
R004522,0,0.18
R009508,0,0.07
R000853,1,0.3933333333333333
R001002,0,0.19
R002642,1,0.2633333333333333
R006706,0,0.20333333333333334
R006959,1,0.2633333333333333
R009334,1,0.29333333333333333
R009553,0,0.11666666666666667
R000134,1,0.3333333333333333
R000854,0,0.07
R001803,1,0.3433333333333333
R003302,1,0.41333333333333333
R005425,1,0.25666666666666665
R005552,1,0.23666666666666666
R008114,1,0.47333333333333333
R009787,1,0.2833333333333333
R009836,1,0.2733333333333333
R009889,1,0.24333333333333335
R009896,1,0.25666666666666665
R001429,1,0.23333333333333334
R004718,0,0.07333333333333333
R005411,0,0.09333333333333334
R005914,0,0.03
R005941,1,0.2633333333333333
R007500,1,0.35
R001983,0,0.18333333333333332
R002813,1,0.38333333333333336
R003430,1,0.2866666666666667
R005067,0,0.16666666666666666
R006452,1,0.4033333333333333
R006587,1,0.3933333333333333
R006889,0,0.08333333333333333
R006986,1,0.2833333333333333
R008718,0,0.15333333333333332
R008758,1,0.24
R000287,0,0.13666666666666666
R001583,1,0.28
R001995,0,0.09666666666666666
R002518,0,0.12666666666666668
R002522,1,0.22666666666666666
R003667,1,0.35
R004177,1,0.25666666666666665
R004820,1,0.29
R005244,1,0.4266666666666667
R005653,1,0.36666666666666664
R008122,0,0.10333333333333333
R008245,1,0.3
R008394,1,0.22333333333333333
R001709,1,0.6033333333333334
R003083,1,0.32
R003852,1,0.5
R004333,1,0.5233333333333333
R007999,1,0.25333333333333335
R008312,0,0.11666666666666667
R009879,0,0.17666666666666667
R000056,1,0.23666666666666666
R000121,1,0.27
R002149,0,0.12333333333333334
R004459,1,0.3233333333333333
R006054,1,0.27666666666666667
R000006,1,0.22333333333333333
R000042,0,0.13333333333333333
R001033,1,0.3466666666666667
R001219,1,0.41
R003132,1,0.24
R003554,0,0.056666666666666664
R003815,1,0.35333333333333333
R003851,1,0.32666666666666666
R003927,1,0.27
R004313,0,0.08666666666666667
R004405,1,0.21666666666666667
R005052,1,0.4266666666666667
R006055,1,0.48333333333333334
R006125,1,0.38333333333333336
R006273,0,0.17333333333333334
R006384,1,0.36
R006693,0,0.2
R007836,0,0.2
R008282,0,0.21333333333333335
R009885,0,0.03333333333333333
R001021,0,0.20666666666666667
R001188,1,0.3333333333333333
R001985,0,0.19333333333333333
R002878,1,0.2966666666666667
R003681,1,0.21666666666666667
R005820,1,0.4033333333333333
R007519,0,0.13
R009492,1,0.43333333333333335
R009821,1,0.23
R000593,1,0.27666666666666667
R000733,1,0.4
R001172,1,0.24
R001379,1,0.5733333333333334
R001951,0,0.10666666666666667
R002641,1,0.42
R003183,1,0.2866666666666667
R004265,0,0.17666666666666667
R006712,1,0.48
R009588,1,0.2966666666666667
R000059,0,0.04
R000265,1,0.25333333333333335
R000406,1,0.42333333333333334
R001641,0,0.043333333333333335
R002352,1,0.44
R004559,1,0.2833333333333333
R005783,0,0.09333333333333334
R006534,0,0.15333333333333332
R009531,0,0.2
R000081,0,0.13
R000186,0,0.2
R001027,0,0.06666666666666667
R002782,0,0.11333333333333333
R002807,1,0.30666666666666664
R002838,0,0.16333333333333333
R003817,0,0.20666666666666667
R004359,0,0.19333333333333333
R004373,0,0.16666666666666666
R005063,1,0.2866666666666667
R006206,0,0.15
R006514,1,0.4533333333333333
R007661,1,0.23666666666666666
R009789,1,0.31666666666666665
R003606,0,0.2
R004092,1,0.3566666666666667
R004179,1,0.4
R006223,1,0.23666666666666666
R006943,1,0.38666666666666666
R008244,1,0.2966666666666667
R008408,0,0.14333333333333334
R008921,1,0.25333333333333335
R009096,0,0.03333333333333333
R000528,1,0.29
R001812,1,0.2966666666666667
R001986,0,0.06
R002034,0,0.18333333333333332
R004250,0,0.10666666666666667
R004385,1,0.3433333333333333
R007702,0,0.20666666666666667
R007720,1,0.22666666666666666
R008759,1,0.27
R008768,1,0.22
R009030,1,0.31333333333333335
R009119,1,0.27
R000388,1,0.38333333333333336
R002228,1,0.24
R002646,1,0.32
R002901,1,0.31666666666666665
R003341,1,0.2966666666666667
R004716,0,0.18
R007185,0,0.09333333333333334
R008060,0,0.17666666666666667
R008812,0,0.10666666666666667
R000182,0,0.15666666666666668
R000417,1,0.28
R000565,1,0.23333333333333334
R000626,0,0.12333333333333334
R002507,1,0.26666666666666666
R002761,1,0.27666666666666667
R003251,1,0.24333333333333335
R004946,1,0.5033333333333333
R006362,1,0.3333333333333333
R006678,1,0.36666666666666664
R006915,1,0.24
R006941,0,0.21333333333333335
R007205,0,0.08666666666666667
R008850,1,0.35
R009386,0,0.12333333333333334
R009973,1,0.32666666666666666
R000737,0,0.20666666666666667
R002543,1,0.31666666666666665
R004297,1,0.26666666666666666
R005903,1,0.35
R006277,1,0.4266666666666667
R008753,1,0.24666666666666667
R009173,0,0.16666666666666666
R009950,0,0.2
R000726,1,0.45666666666666667
R001032,1,0.36333333333333334
R002906,1,0.44
R004273,0,0.06
R004707,1,0.36666666666666664
R004891,0,0.17333333333333334
R005925,1,0.3233333333333333
R006342,1,0.3233333333333333
R006657,1,0.29333333333333333
R009682,1,0.36
R000524,1,0.4866666666666667
R000554,0,0.15333333333333332
R000911,0,0.03666666666666667
R001526,1,0.30333333333333334
R001842,0,0.13333333333333333
R002966,0,0.16
R003710,1,0.35333333333333333
R004912,1,0.43666666666666665
R004959,1,0.30333333333333334
R005482,1,0.30333333333333334
R006043,1,0.24
R006543,0,0.13666666666666666
R007614,1,0.23
R009844,1,0.3933333333333333
R001280,1,0.38333333333333336
R001377,1,0.25666666666666665
R001939,0,0.14666666666666667
R002971,1,0.34
R005104,0,0.15333333333333332
R006298,0,0.18
R006396,0,0.14
R007563,0,0.19666666666666666
R009825,1,0.27666666666666667
R001250,1,0.4033333333333333
R003155,1,0.2866666666666667
R003829,1,0.3333333333333333
R004430,1,0.33
R006139,1,0.35
R004018,1,0.37
R004346,0,0.21
R007580,0,0.17333333333333334
R008207,1,0.3933333333333333
R009389,1,0.32
R009827,1,0.25333333333333335
R001011,0,0.16
R001563,0,0.08
R002150,0,0.03
R003609,1,0.27
R004510,0,0.08333333333333333
R006300,1,0.35333333333333333
R008055,0,0.18333333333333332
R008521,0,0.023333333333333334
R000544,1,0.24
R000658,1,0.24333333333333335
R001100,1,0.24666666666666667
R001710,1,0.33
R002002,1,0.25666666666666665
R006201,1,0.2833333333333333
R008251,1,0.30666666666666664
R000153,1,0.45
R002247,1,0.4266666666666667
R003268,1,0.33666666666666667
R003908,1,0.26666666666666666
R004281,1,0.3333333333333333
R005728,0,0.19333333333333333
R006033,1,0.25
R007039,1,0.2866666666666667
R009135,1,0.2966666666666667
R009818,1,0.29
R001020,1,0.41
R001093,1,0.3466666666666667
R003176,0,0.20333333333333334
R004068,1,0.3933333333333333
R004320,1,0.2733333333333333
R004568,1,0.27
R006016,1,0.23666666666666666
R007087,0,0.17333333333333334
R007770,1,0.26
R001137,1,0.23
R001374,1,0.21666666666666667
R001736,0,0.16666666666666666
R001769,1,0.22333333333333333
R002871,1,0.25666666666666665
R006373,0,0.11
R006509,0,0.13666666666666666
R008047,1,0.24666666666666667
R008951,0,0.12666666666666668
R009806,0,0.06
R000365,1,0.38
R000384,1,0.3466666666666667
R001877,1,0.23666666666666666
R003103,1,0.24
R003517,1,0.3566666666666667
R005584,1,0.36
R006690,0,0.056666666666666664
R007826,0,0.1
R008724,1,0.32
R009406,1,0.41
R009549,1,0.25666666666666665
R001122,0,0.09
R002597,1,0.36666666666666664
R002847,0,0.03333333333333333
R003382,1,0.36
R006754,1,0.37
R001341,1,0.32666666666666666
R001767,0,0.1
R003393,1,0.33
R008818,0,0.21
R008908,1,0.2833333333333333
R009649,1,0.30333333333333334
R000196,0,0.10666666666666667
R001582,0,0.18333333333333332
R002305,0,0.056666666666666664
R003135,1,0.25
R007075,1,0.2833333333333333
R008795,0,0.11666666666666667
R009133,0,0.14333333333333334
R002963,0,0.20333333333333334
R002970,0,0.08
R004978,1,0.39
R005840,0,0.2
R006837,1,0.24333333333333335
R007301,0,0.13
R008170,0,0.10333333333333333
R009225,1,0.25
R000357,1,0.22
R000457,1,0.31
R001490,1,0.39666666666666667
R001547,1,0.45666666666666667
R002086,1,0.26
R003072,1,0.39666666666666667
R003355,0,0.14333333333333334
R003806,1,0.32
R004242,0,0.21
R005418,1,0.2833333333333333
R006468,1,0.31333333333333335
R007455,0,0.13666666666666666
R007493,0,0.07666666666666666
R007680,1,0.27
R008426,1,0.23
R009582,0,0.2
R009664,0,0.09
R001046,0,0.04666666666666667
R002236,1,0.31
R002582,0,0.09
R002952,0,0.04666666666666667
R005674,1,0.3333333333333333
R005899,1,0.30333333333333334
R006316,1,0.22666666666666666
R006411,1,0.22666666666666666
R007370,1,0.3
R007525,1,0.27
R007768,0,0.18333333333333332
R007923,1,0.2866666666666667
R008592,0,0.18333333333333332
R009365,0,0.05333333333333334
R009831,0,0.08333333333333333
R001945,1,0.21666666666666667
R003945,0,0.06
R004020,1,0.25666666666666665
R004589,0,0.08333333333333333
R005934,0,0.11
R006177,0,0.17666666666666667
R008071,1,0.23666666666666666
R008313,1,0.25
R009025,1,0.38
R009210,0,0.18333333333333332
R001527,0,0.09666666666666666
R002079,1,0.44666666666666666
R002322,0,0.14666666666666667
R004884,1,0.34
R007323,1,0.41
R008250,1,0.5033333333333333
R008580,1,0.23
R001354,1,0.37
R002934,0,0.05
R005750,1,0.22
R006013,1,0.3566666666666667
R008675,0,0.10666666666666667
R008695,0,0.16
R008884,1,0.22333333333333333
R002240,1,0.37666666666666665
R002268,0,0.07666666666666666
R002590,1,0.38
R002891,1,0.23666666666666666
R003314,1,0.27666666666666667
R003470,1,0.3
R005026,1,0.32666666666666666
R006417,1,0.26
R006613,1,0.5833333333333334
R007044,1,0.2833333333333333
R008061,1,0.22333333333333333
R009163,0,0.13333333333333333
R004317,1,0.31666666666666665
R005298,1,0.3
R006354,1,0.41333333333333333
R007164,1,0.24333333333333335
R007325,0,0.15666666666666668
R009323,1,0.23666666666666666
R002483,1,0.23666666666666666
R002801,0,0.12333333333333334
R005032,1,0.34
R006454,1,0.31
R006872,0,0.10666666666666667
R008331,1,0.35
R009152,0,0.16
R009522,0,0.07
R009669,0,0.12333333333333334
R009711,0,0.03666666666666667
R001047,0,0.13666666666666666
R001662,1,0.32
R002357,1,0.35333333333333333
R005377,1,0.28
R005395,1,0.44666666666666666
R006978,1,0.37
R000987,0,0.11333333333333333
R001584,1,0.22666666666666666
R002677,1,0.32
R002785,1,0.3466666666666667
R003214,1,0.31
R004211,0,0.19
R007879,0,0.05
R008086,0,0.10333333333333333
R008666,1,0.41333333333333333
R008740,1,0.28
R009644,1,0.25333333333333335
R000739,1,0.2633333333333333
R003457,1,0.2633333333333333
R003964,0,0.20333333333333334
R004739,0,0.17
R005053,1,0.24
R006218,1,0.36333333333333334
R008938,0,0.18333333333333332
R009570,0,0.19
R009589,1,0.25333333333333335
R002402,1,0.2866666666666667
R003172,0,0.18666666666666668
R003340,1,0.39666666666666667
R003445,1,0.33666666666666667
R003597,1,0.30666666666666664
R004391,0,0.13333333333333333
R005457,1,0.30333333333333334
R005551,0,0.16666666666666666
R006256,1,0.30333333333333334
R009185,1,0.34
R000722,0,0.08666666666666667
R000749,1,0.3933333333333333
R000989,1,0.22
R001082,1,0.22666666666666666
R001740,0,0.10333333333333333
R002423,1,0.2733333333333333
R002429,1,0.2833333333333333
R005353,0,0.13
R005897,0,0.21
R006255,0,0.07333333333333333
R006614,1,0.38333333333333336
R009355,0,0.18333333333333332
R009448,0,0.2
R001428,1,0.2866666666666667
R002420,1,0.24333333333333335
R005281,0,0.10333333333333333
R006654,1,0.23333333333333334
R008233,1,0.44333333333333336
R008781,0,0.15666666666666668
R009390,1,0.51
R000799,1,0.29
R002037,0,0.09666666666666666
R002453,1,0.43
R002996,0,0.14
R004563,0,0.15333333333333332
R004661,1,0.3566666666666667
R005133,0,0.16333333333333333
R006459,0,0.13666666666666666
R007008,1,0.3233333333333333
R008270,1,0.32
R000548,0,0.12333333333333334
R001263,1,0.24
R001267,1,0.2833333333333333
R001755,0,0.17
R002122,0,0.11333333333333333
R002904,0,0.11
R003262,0,0.15666666666666668
R004039,1,0.36333333333333334
R004089,0,0.1
R004278,0,0.15666666666666668
R004574,1,0.30666666666666664
R005947,0,0.18
R006237,1,0.36
R006665,0,0.17666666666666667
R008594,0,0.16
R008649,0,0.21333333333333335
R000034,1,0.31666666666666665
R001783,0,0.06333333333333334
R001953,1,0.26
R002881,1,0.33666666666666667
R004776,1,0.3233333333333333
R005078,0,0.11333333333333333
R006343,1,0.22
R006616,1,0.3333333333333333
R007038,1,0.30333333333333334
R008212,0,0.10666666666666667
R002648,1,0.38
R002959,1,0.37
R003462,1,0.27
R004375,1,0.22
R005355,0,0.16333333333333333
R006412,1,0.34
R008258,1,0.3466666666666667
R009951,1,0.3
R001822,0,0.16333333333333333
R001981,1,0.39
R002805,0,0.21
R003418,1,0.33
R006530,1,0.26666666666666666
R007422,0,0.1
R000423,1,0.30333333333333334
R001186,0,0.05
R001378,0,0.09
R002301,0,0.13
R002630,0,0.09
R003663,0,0.15333333333333332
R003808,1,0.27
R004650,0,0.06
R004747,1,0.44
R005553,1,0.24
R006532,0,0.09333333333333334
R006799,1,0.29333333333333333
R007116,1,0.22666666666666666
R009379,1,0.22
R000965,0,0.02666666666666667
R001119,1,0.31333333333333335
R001318,0,0.14
R001937,1,0.41333333333333333
R002253,0,0.13
R003782,1,0.24666666666666667
R003890,1,0.38
R004152,0,0.02
R006877,0,0.19333333333333333
R007210,1,0.35
R008128,0,0.18666666666666668
R008151,1,0.2866666666666667
R009201,1,0.23666666666666666
R009847,0,0.15666666666666668
R000560,1,0.30666666666666664
R003288,1,0.26666666666666666
R003869,0,0.05
R004048,0,0.20666666666666667
R004306,1,0.23666666666666666
R004632,1,0.32
R006047,1,0.25333333333333335
R006359,0,0.17666666666666667
R008179,1,0.32
R009577,1,0.32666666666666666
R009758,0,0.14666666666666667
R002931,0,0.03333333333333333
R002944,1,0.24
R005807,0,0.20333333333333334
R006088,1,0.25
R009784,1,0.24
R000090,1,0.48333333333333334
R000852,1,0.3466666666666667
R001286,1,0.25333333333333335
R001322,0,0.12
R003180,1,0.2733333333333333
R003258,0,0.16333333333333333
R003899,1,0.3
R005730,0,0.20333333333333334
R006428,1,0.3433333333333333
R006933,0,0.04666666666666667
R008382,0,0.16333333333333333
R009563,0,0.17
R000514,1,0.2733333333333333
R000556,1,0.26
R005456,0,0.16666666666666666
R006421,1,0.22333333333333333
R007830,0,0.16
R008283,1,0.31
R008601,0,0.18333333333333332
R009465,0,0.17666666666666667
R000067,1,0.26
R000703,1,0.5866666666666667
R001059,1,0.24
R002035,1,0.30666666666666664
R002855,1,0.32
R003203,0,0.2
R005233,1,0.4066666666666667
R006162,0,0.09333333333333334
R006224,0,0.06333333333333334
R006863,1,0.35
R008172,1,0.5933333333333334
R008637,1,0.35
R009316,1,0.3333333333333333
R009344,1,0.22333333333333333
R002440,1,0.4533333333333333
R002689,1,0.3433333333333333
R004512,1,0.27666666666666667
R006176,0,0.09
R006835,1,0.3233333333333333
R006958,1,0.2833333333333333
R007057,0,0.08666666666666667
R008074,1,0.25333333333333335
R008696,0,0.07666666666666666
R000296,1,0.35
R002148,1,0.29
R003060,1,0.22666666666666666
R003201,1,0.53
R003887,0,0.12333333333333334
R004577,0,0.19666666666666666
R005595,1,0.2866666666666667
R006499,0,0.08333333333333333
R008177,1,0.23
R009116,0,0.16
R009347,1,0.4666666666666667
R009750,0,0.11666666666666667
R000018,1,0.27
R000200,1,0.25333333333333335
R002872,0,0.15666666666666668
R003508,0,0.17
R004169,1,0.37333333333333335
R004207,1,0.44333333333333336
R004828,0,0.13666666666666666
R006286,1,0.29
R004497,1,0.3933333333333333
R006311,0,0.14
R008121,0,0.16333333333333333
R008843,0,0.16
R008846,0,0.05
R009050,1,0.36
R009063,1,0.31
R009584,0,0.14666666666666667
R009707,1,0.2866666666666667
R001461,0,0.10666666666666667
R001542,1,0.2833333333333333
R005689,0,0.18
R005731,0,0.12666666666666668
R007281,0,0.2
R007675,0,0.17333333333333334
R008390,0,0.07666666666666666
R009020,1,0.22333333333333333
R000143,0,0.10333333333333333
R000903,1,0.22
R001476,0,0.20333333333333334
R002246,0,0.08
R002459,1,0.31
R002479,1,0.3
R002978,1,0.35333333333333333
R003553,0,0.18333333333333332
R004501,1,0.3233333333333333
R004701,1,0.38333333333333336
R005594,0,0.17333333333333334
R006400,0,0.11
R007024,0,0.14666666666666667
R008853,0,0.17333333333333334
R009045,0,0.18666666666666668
R009908,1,0.31
R000069,0,0.11
R003104,1,0.23666666666666666
R005349,0,0.20666666666666667
R006686,1,0.29333333333333333
R008575,1,0.35
R009088,1,0.28
R009182,0,0.17666666666666667
R000575,0,0.02
R001996,1,0.26666666666666666
R003397,1,0.22
R004021,0,0.19666666666666666
R004263,1,0.2733333333333333
R004540,0,0.13
R004737,0,0.21
R005705,1,0.21666666666666667
R005754,0,0.09
R006325,0,0.11666666666666667
R000073,0,0.1
R000994,1,0.21666666666666667
R004792,0,0.06666666666666667
R004875,1,0.33
R005278,0,0.09
R007373,1,0.26
R007487,0,0.09
R008719,1,0.39666666666666667
R008869,0,0.07
R009305,1,0.25666666666666665
R001151,0,0.12
R001340,1,0.22
R003080,1,0.38333333333333336
R003879,1,0.23666666666666666
R004162,1,0.29333333333333333
R004368,0,0.20666666666666667
R005106,1,0.35333333333333333
R007251,1,0.27666666666666667
R009970,1,0.22333333333333333
R003098,1,0.30333333333333334
R003867,1,0.38333333333333336
R004066,1,0.27
R004188,1,0.25333333333333335
R004192,0,0.14666666666666667
R005442,1,0.24333333333333335
R005453,1,0.35333333333333333
R005567,1,0.29
R005805,1,0.3566666666666667
R007579,1,0.21666666666666667
R008124,0,0.21
R009366,0,0.2
R009676,1,0.29333333333333333
R009710,1,0.42
R000026,0,0.09333333333333334
R002054,0,0.17
R002656,0,0.05
R003157,1,0.32
R004108,1,0.4633333333333333
R004142,0,0.12
R004322,0,0.08333333333333333
R005978,0,0.16666666666666666
R007368,0,0.12
R007899,0,0.20333333333333334
R008805,0,0.12666666666666668
R000226,0,0.19333333333333333
R000247,0,0.16666666666666666
R000433,0,0.07333333333333333
R002016,0,0.08333333333333333
R003718,0,0.11666666666666667
R005835,0,0.08333333333333333
R007776,0,0.18
R007881,1,0.21666666666666667
R008410,1,0.44
R009934,1,0.3433333333333333
R001170,1,0.26666666666666666
R001919,0,0.13666666666666666
R001967,1,0.26666666666666666
R005951,1,0.45666666666666667
R006723,1,0.29
R008044,1,0.23
R000564,0,0.10333333333333333
R001455,1,0.24
R006235,1,0.32
R006695,1,0.30333333333333334
R008202,1,0.33
R000680,1,0.36333333333333334
R001160,0,0.21333333333333335
R001765,1,0.45
R002740,1,0.32666666666666666
R006882,0,0.14333333333333334
R006981,1,0.21666666666666667
R007955,1,0.2633333333333333
R009081,0,0.12666666666666668
R001586,1,0.39
R003550,0,0.14
R003689,1,0.25666666666666665
R004182,0,0.09333333333333334
R004240,1,0.37
R005211,1,0.4166666666666667
R007201,1,0.21666666666666667
R007407,0,0.12
R007801,1,0.37333333333333335
R008085,1,0.39666666666666667
R008765,0,0.20666666666666667
R009487,0,0.11666666666666667
R000649,0,0.18333333333333332
R003066,0,0.14
R003159,0,0.07333333333333333
R004973,1,0.2733333333333333
R005511,1,0.25666666666666665
R005760,1,0.23
R006791,0,0.18333333333333332
R008294,0,0.056666666666666664
R008296,0,0.1
R008671,1,0.3933333333333333
R002586,1,0.26
R003427,0,0.19666666666666666
R003794,0,0.09333333333333334
R004008,0,0.09
R004019,0,0.15
R005954,0,0.09333333333333334
R006617,1,0.6533333333333333
R006676,0,0.056666666666666664
R007183,1,0.29
R009327,0,0.10666666666666667
R000070,1,0.2733333333333333
R000825,0,0.18
R001660,0,0.13
R003102,0,0.18333333333333332
R004687,1,0.38
R005968,0,0.16
R006942,1,0.3233333333333333
R007346,0,0.17333333333333334
R008722,0,0.21333333333333335
R000861,1,0.37666666666666665
R002114,1,0.4166666666666667
R003356,1,0.30666666666666664
R005016,1,0.30666666666666664
R005905,0,0.15
R005906,0,0.13
R008723,0,0.11666666666666667
R009349,0,0.05
R000812,1,0.2866666666666667
R002207,1,0.26
R002316,1,0.2833333333333333
R002486,0,0.20666666666666667
R004222,1,0.5233333333333333
R004850,1,0.29333333333333333
R005935,1,0.3466666666666667
R006622,1,0.39
R007824,0,0.13333333333333333
R008036,1,0.38333333333333336
R000945,0,0.20333333333333334
R001516,1,0.29333333333333333
R003079,0,0.14
R003761,0,0.14
R005030,1,0.29
R005733,1,0.36
R007389,1,0.30666666666666664
R007492,0,0.11666666666666667
R008033,1,0.36333333333333334
R008169,0,0.18666666666666668
R009618,0,0.16333333333333333
R000470,1,0.33
R001104,0,0.06
R002248,0,0.09
R003329,0,0.12333333333333334
R007667,1,0.47
R001144,0,0.13666666666666666
R002295,0,0.10333333333333333
R002577,0,0.10666666666666667
R006767,1,0.39
R008162,0,0.05333333333333334
R008670,1,0.45666666666666667
R009523,1,0.24666666666666667
R009856,0,0.11666666666666667
R000483,0,0.12
R001733,1,0.2733333333333333
R002201,0,0.09666666666666666
R002448,0,0.20666666666666667
R003790,1,0.34
R006106,0,0.06666666666666667
R006890,1,0.35333333333333333
R007142,1,0.25
R007856,0,0.15333333333333332
R009526,0,0.20666666666666667
R002249,0,0.15
R003186,0,0.10333333333333333
R006166,1,0.38333333333333336
R006221,1,0.4
R006251,1,0.25
R007001,0,0.16333333333333333
R009499,0,0.18333333333333332
R002287,0,0.09
R002318,1,0.30666666666666664
R002770,1,0.4
R002896,0,0.19666666666666666
R003758,0,0.11333333333333333
R004475,0,0.10333333333333333
R004674,0,0.20666666666666667
R006128,1,0.21666666666666667
R007676,1,0.25666666666666665
R007946,1,0.35
R008539,1,0.30333333333333334
R008593,0,0.11333333333333333
R008716,0,0.16
R008777,1,0.22333333333333333
R008791,0,0.07
R009035,1,0.3933333333333333
R000091,0,0.13
R000398,1,0.3333333333333333
R001175,0,0.09666666666666666
R005317,0,0.08666666666666667
R005546,0,0.11333333333333333
R005633,1,0.32
R008630,0,0.12333333333333334
R008988,0,0.1
R000765,1,0.42333333333333334
R001829,1,0.24666666666666667
R002120,0,0.06333333333333334
R003930,0,0.19333333333333333
R006239,0,0.08666666666666667
R007432,1,0.31666666666666665
R007907,1,0.24
R008364,1,0.4766666666666667
R009258,0,0.07333333333333333
R000240,0,0.19
R000912,0,0.13
R006155,0,0.15666666666666668
R006287,0,0.07
R008680,0,0.10666666666666667
R009314,0,0.11333333333333333
R009532,1,0.5133333333333333
R001914,0,0.17333333333333334
R002229,0,0.11666666666666667
R002361,0,0.11666666666666667
R003917,1,0.24
R005836,0,0.17333333333333334
R005992,1,0.41333333333333333
R007914,1,0.2833333333333333
R000919,0,0.13666666666666666
R001307,0,0.14666666666666667
R001400,0,0.06
R001537,0,0.12666666666666668
R001637,0,0.12666666666666668
R002447,0,0.15333333333333332
R002691,1,0.3
R005253,1,0.27666666666666667
R005625,1,0.3933333333333333
R009937,1,0.49
R009978,1,0.32
R000317,1,0.43666666666666665
R000578,0,0.13666666666666666
R001502,0,0.14
R001711,1,0.39
R003277,1,0.29
R003915,0,0.20333333333333334
R005600,0,0.07333333333333333
R006771,1,0.23666666666666666
R008968,1,0.2866666666666667
R009075,0,0.19666666666666666
R009168,1,0.3466666666666667
R009764,0,0.13333333333333333
R000934,1,0.38333333333333336
R003147,1,0.33666666666666667
R003230,1,0.43333333333333335
R007891,1,0.42
R008714,1,0.44
R001433,1,0.48
R003901,1,0.29
R004155,1,0.2833333333333333
R005996,1,0.3233333333333333
R006900,0,0.16666666666666666
R007081,1,0.30666666666666664
R007250,1,0.26666666666666666
R001396,0,0.15
R003459,1,0.27666666666666667
R005337,0,0.18
R000185,0,0.13666666666666666
R000426,1,0.2833333333333333
R000588,1,0.4066666666666667
R000589,0,0.14
R000776,0,0.21
R000885,1,0.2733333333333333
R001373,0,0.12666666666666668
R001403,1,0.26
R001610,0,0.1
R002143,1,0.41333333333333333
R004521,0,0.14333333333333334
R005960,1,0.2733333333333333
R007247,1,0.4533333333333333
R008438,0,0.06666666666666667
R009674,0,0.12666666666666668
R000341,1,0.41333333333333333
R000487,1,0.30333333333333334
R001085,0,0.20333333333333334
R003003,0,0.12
R003561,1,0.22
R004070,1,0.2866666666666667
R004147,1,0.32666666666666666
R004918,0,0.19333333333333333
R005170,0,0.07
R005225,1,0.22333333333333333
R006934,1,0.3
R007071,1,0.23333333333333334
R008875,0,0.13666666666666666
R000005,1,0.2866666666666667
R000600,1,0.33666666666666667
R002809,1,0.23
R002869,0,0.16
R003254,1,0.49666666666666665
R005572,1,0.37
R006053,1,0.27
R001726,0,0.19
R002029,1,0.22333333333333333
R002110,0,0.21
R002474,0,0.17333333333333334
R003051,1,0.33
R003785,1,0.22
R004036,0,0.056666666666666664
R005341,1,0.35333333333333333
R005533,1,0.48
R006521,1,0.29333333333333333
R008067,0,0.19
R009243,0,0.08
R000709,0,0.16666666666666666
R000887,1,0.38
R002064,1,0.4633333333333333
R002491,1,0.37333333333333335
R003433,0,0.13333333333333333
R003959,0,0.19
R008218,0,0.07
R008643,1,0.2633333333333333
R000898,1,0.3466666666666667
R001299,1,0.22333333333333333
R001672,1,0.37666666666666665
R002220,0,0.17
R002266,0,0.08666666666666667
R002853,0,0.07
R004844,0,0.14333333333333334
R005491,1,0.23
R006792,0,0.17
R001079,1,0.2633333333333333
R001608,0,0.043333333333333335
R001721,1,0.38666666666666666
R001778,1,0.38333333333333336
R003827,1,0.3466666666666667
R003911,1,0.35333333333333333
R005799,0,0.08333333333333333
R007189,1,0.37666666666666665
R007643,1,0.3
R008623,1,0.4633333333333333
R000555,1,0.24666666666666667
R001498,1,0.24333333333333335
R001625,0,0.04
R004302,0,0.15333333333333332
R006369,1,0.37
R006957,0,0.13
R007878,1,0.25666666666666665
R008434,0,0.17333333333333334
R008823,0,0.20666666666666667
R009170,1,0.32666666666666666
R009705,0,0.17666666666666667
R001870,1,0.23
R002123,0,0.12333333333333334
R002255,1,0.5166666666666667
R003909,1,0.34
R005231,1,0.25
R005801,1,0.37
R005981,1,0.36333333333333334
R006859,1,0.35
R009403,0,0.13
R009528,0,0.20333333333333334
R009808,1,0.45
R001987,0,0.06
R005443,1,0.3466666666666667
R006743,0,0.19666666666666666
R007262,1,0.24
R007611,0,0.20333333333333334
R009620,1,0.24666666666666667
R000094,1,0.2733333333333333
R000285,1,0.36333333333333334
R000771,0,0.03666666666666667
R001130,1,0.41333333333333333
R001402,0,0.1
R001703,1,0.24333333333333335
R001904,0,0.16666666666666666
R002371,1,0.22
R002563,0,0.06666666666666667
R004154,1,0.36333333333333334
R007928,1,0.4066666666666667
R007968,1,0.28
R008285,1,0.31333333333333335
R000599,0,0.13333333333333333
R000769,1,0.22
R002250,1,0.3
R003687,0,0.16333333333333333
R007629,0,0.03
R008278,1,0.4666666666666667
R001988,1,0.23666666666666666
R002094,1,0.4
R003252,1,0.23
R003521,1,0.37666666666666665
R003737,0,0.04
R006302,1,0.36333333333333334
R006852,0,0.056666666666666664
R009427,0,0.18
R000413,1,0.3566666666666667
R004045,0,0.10666666666666667
R005623,0,0.08666666666666667
R005668,0,0.17333333333333334
R006506,1,0.45666666666666667
R007855,1,0.39
R008687,0,0.15666666666666668
R009146,1,0.44
R009547,1,0.28
R000330,0,0.15
R003865,0,0.10666666666666667
R004084,0,0.1
R004363,1,0.23666666666666666
R007021,0,0.16333333333333333
R007605,1,0.36666666666666664
R009592,1,0.23
R009807,1,0.23
R001412,1,0.33
R005683,1,0.33666666666666667
R006203,1,0.42333333333333334
R007509,0,0.15333333333333332
R008144,0,0.17333333333333334
R000031,1,0.36
R000381,0,0.05
R002009,1,0.2833333333333333
R002206,0,0.14333333333333334
R002488,0,0.06666666666666667
R003589,0,0.18
R004094,1,0.22666666666666666
R004965,1,0.51
R006248,1,0.3333333333333333
R006418,1,0.27
R009688,1,0.22333333333333333
R000373,1,0.26666666666666666
R002516,1,0.31333333333333335
R002707,0,0.1
R003873,0,0.14
R004364,1,0.38333333333333336
R008372,0,0.10666666666666667
R008839,1,0.33
R009121,1,0.38333333333333336
R004703,1,0.5266666666666666
R004962,1,0.37666666666666665
R005079,1,0.43666666666666665
R005550,0,0.11
R005813,1,0.34
R006077,1,0.36
R008167,1,0.31333333333333335
R002326,1,0.25
R002339,0,0.17666666666666667
R002683,0,0.11666666666666667
R005274,1,0.2633333333333333
R005891,1,0.49
R007903,0,0.05333333333333334
R008137,0,0.19333333333333333
R000313,1,0.24666666666666667
R003005,0,0.1
R004433,0,0.03333333333333333
R004930,0,0.14666666666666667
R005939,1,0.32
R006545,0,0.11333333333333333
R008216,1,0.24333333333333335
R000374,1,0.38
R002050,1,0.26666666666666666
R002699,0,0.19666666666666666
R002939,1,0.36
R003939,1,0.49
R006524,0,0.08
R007289,0,0.18666666666666668
R008103,0,0.19666666666666666
R008691,0,0.11666666666666667
R002340,1,0.4166666666666667
R003283,1,0.28
R004370,0,0.08
R005927,1,0.22
R005971,0,0.056666666666666664
R006357,0,0.15
R008855,0,0.15666666666666668
R000269,1,0.29333333333333333
R000289,0,0.18333333333333332
R000890,0,0.17666666666666667
R002018,1,0.5
R003603,1,0.25333333333333335
R005819,1,0.2966666666666667
R007259,1,0.23333333333333334
R007617,0,0.18
R008129,1,0.36
R008383,1,0.4066666666666667
R008741,0,0.056666666666666664
R009306,1,0.27666666666666667
R000054,1,0.44666666666666666
R001253,0,0.15666666666666668
R003425,0,0.2
R004919,1,0.5133333333333333
R006263,0,0.11
R006313,1,0.32
R009140,0,0.17
R000546,0,0.07333333333333333
R001404,0,0.17
R002987,0,0.04666666666666667
R003018,1,0.23
R003641,1,0.22666666666666666
R003818,1,0.39666666666666667
R005957,0,0.11666666666666667
R006556,1,0.34
R008877,0,0.09666666666666666
R009495,0,0.07666666666666666
R009496,1,0.27
R009715,0,0.19333333333333333
R009752,1,0.31666666666666665
R001469,0,0.06666666666666667
R002028,1,0.29
R003101,1,0.34
R004023,0,0.1
R006063,0,0.11
R006150,1,0.37333333333333335
R009702,1,0.43666666666666665
R000072,1,0.29333333333333333
R000725,0,0.13
R001568,1,0.3466666666666667
R006920,0,0.18333333333333332
R008405,1,0.2966666666666667
R000318,1,0.2633333333333333
R003056,1,0.26
R003467,0,0.2
R006036,0,0.09666666666666666
R007348,1,0.31333333333333335
R007482,1,0.27
R007483,1,0.25333333333333335
R007621,1,0.5333333333333333
R007890,1,0.26
R008711,1,0.25
R009767,0,0.06
R001884,1,0.28
R002946,0,0.12333333333333334
R005074,1,0.22333333333333333
R005530,1,0.37333333333333335
R006512,1,0.31
R007975,0,0.08666666666666667
R008356,0,0.07333333333333333
R008684,1,0.44
R008960,1,0.24333333333333335
R000312,0,0.16333333333333333
R001024,1,0.25
R001570,1,0.37333333333333335
R002019,1,0.4
R002291,0,0.15
R003093,0,0.21333333333333335
R003202,0,0.14333333333333334
R004407,1,0.2733333333333333
R006157,0,0.17
R006227,1,0.5066666666666667
R007274,1,0.4766666666666667
R008195,1,0.36333333333333334
R008518,1,0.3
R009319,1,0.27666666666666667
R009396,1,0.2733333333333333
R000272,1,0.29333333333333333
R000511,0,0.16333333333333333
R001138,1,0.22333333333333333
R005641,0,0.13
R005667,0,0.16
R007700,1,0.27
R008376,0,0.07
R008656,1,0.3433333333333333
R008889,1,0.37666666666666665
R009128,0,0.17333333333333334
R001347,1,0.4
R001616,0,0.13666666666666666
R003464,1,0.3
R003533,1,0.49
R003755,1,0.3
R003886,0,0.17
R005596,0,0.19666666666666666
R006618,0,0.04
R006765,0,0.19333333333333333
R000635,1,0.3433333333333333
R002093,1,0.24333333333333335
R004392,1,0.31666666666666665
R006323,1,0.41333333333333333
R007754,0,0.09
R008989,1,0.4766666666666667
R009434,0,0.06333333333333334
R004426,1,0.27
R004580,0,0.11
R006408,0,0.12333333333333334
R007439,0,0.04666666666666667
R007513,1,0.26666666666666666
R009542,1,0.38666666666666666
R001075,0,0.12333333333333334
R001748,1,0.25
R002526,0,0.07333333333333333
R002545,1,0.25333333333333335
R002631,0,0.20333333333333334
R005066,1,0.22333333333333333
R007290,0,0.19666666666666666
R007382,1,0.44333333333333336
R007772,0,0.14333333333333334
R009955,1,0.27
R001551,1,0.26666666666666666
R003717,1,0.24666666666666667
R005647,1,0.45
R006568,0,0.19666666666666666
R006857,1,0.39
R006861,1,0.39666666666666667
R007105,0,0.21
R008010,0,0.15666666666666668
R008029,1,0.32666666666666666
R008546,0,0.10666666666666667
R009782,0,0.04
R000907,1,0.37
R001155,1,0.3933333333333333
R003920,0,0.09333333333333334
R005738,1,0.24333333333333335
R008496,0,0.13666666666666666
R008678,0,0.04
R009450,1,0.4666666666666667
R009677,1,0.3233333333333333
R001867,0,0.10666666666666667
R003972,1,0.25
R005116,1,0.32
R005781,1,0.37
R006103,1,0.4033333333333333
R007697,1,0.28
R008068,0,0.14666666666666667
R000781,1,0.2833333333333333
R002665,1,0.2833333333333333
R005537,1,0.3
R005761,0,0.11333333333333333
R006635,1,0.24
R006651,0,0.03
R006685,0,0.04
R007215,1,0.46
R008871,0,0.11666666666666667
R009089,1,0.23
R009548,0,0.11666666666666667
R001008,1,0.31
R001262,1,0.3233333333333333
R001464,1,0.28
R001506,1,0.36
R002492,1,0.39
R002806,0,0.20333333333333334
R003359,1,0.4166666666666667
R003389,0,0.08333333333333333
R003678,1,0.24
R004505,0,0.09666666666666666
R005675,1,0.26
R006111,1,0.3566666666666667
R007876,1,0.39
R009507,0,0.07333333333333333
R009851,1,0.43
R001087,1,0.43
R008126,0,0.17333333333333334
R009959,0,0.18
R000482,1,0.23333333333333334
R000938,1,0.35
R001688,1,0.43
R001878,0,0.16333333333333333
R002101,1,0.2966666666666667
R002286,1,0.3566666666666667
R002729,0,0.10333333333333333
R002756,1,0.3233333333333333
R004424,0,0.18666666666666668
R009062,0,0.06333333333333334
R001243,1,0.2733333333333333
R001911,0,0.16
R001968,1,0.5633333333333334
R002182,1,0.25333333333333335
R002776,1,0.27666666666666667
R003443,0,0.08666666666666667
R006510,1,0.22666666666666666
R006898,0,0.07666666666666666
R007284,0,0.19333333333333333
R008544,1,0.24666666666666667
R009237,1,0.37
R009673,1,0.5066666666666667
R009722,1,0.27666666666666667
R002049,1,0.23
R002081,1,0.39666666666666667
R008739,1,0.48333333333333334
R009272,0,0.18
R000115,0,0.21333333333333335
R000250,0,0.16
R000951,0,0.19666666666666666
R001595,1,0.25666666666666665
R003082,0,0.17333333333333334
R003742,0,0.1
R004819,0,0.15
R005126,1,0.41333333333333333
R005467,1,0.6066666666666667
R006127,1,0.31666666666666665
R007327,1,0.25
R007726,0,0.15666666666666668
R008181,1,0.2633333333333333
R005025,0,0.16333333333333333
R005499,0,0.20666666666666667
R005520,0,0.19333333333333333
R007319,0,0.19333333333333333
R000627,1,0.37333333333333335
R001538,1,0.22666666666666666
R004513,1,0.32666666666666666
R004550,0,0.10333333333333333
R005435,1,0.27
R006624,1,0.31
R007004,1,0.31
R009346,0,0.18666666666666668
R000540,1,0.36333333333333334
R000842,0,0.21
R001993,1,0.33
R003081,1,0.27666666666666667
R004180,1,0.29333333333333333
R005083,1,0.3433333333333333
R005833,0,0.18
R007623,0,0.17666666666666667
R007953,1,0.6033333333333334
R008342,1,0.5166666666666667
R008793,1,0.32666666666666666
R000324,1,0.32666666666666666
R001328,1,0.36
R001339,1,0.5166666666666667
R002348,1,0.27
R005151,1,0.23
R005284,1,0.4166666666666667
R005882,0,0.04
R006591,1,0.31666666666666665
R006785,1,0.31666666666666665
R008636,1,0.25
R000665,0,0.15
R000925,0,0.15
R002138,1,0.31333333333333335
R003070,1,0.5166666666666667
R005461,1,0.38666666666666666
R005815,0,0.2
R007845,0,0.21333333333333335
R008333,1,0.28
R009256,1,0.22
R000952,1,0.27666666666666667
R001295,1,0.31666666666666665
R001979,0,0.07
R002820,1,0.25666666666666665
R003571,0,0.08333333333333333
R003634,1,0.23
R006086,0,0.13666666666666666
R007228,1,0.2633333333333333
R007956,0,0.14333333333333334
R000188,0,0.16333333333333333
R000634,1,0.2633333333333333
R002764,1,0.55
R003541,0,0.18333333333333332
R007271,1,0.38
R008406,0,0.13666666666666666
R004679,1,0.38
R005549,1,0.32
R005685,0,0.08
R006970,1,0.36
R007286,1,0.3933333333333333
R007490,0,0.21333333333333335
R000748,0,0.19666666666666666
R002647,1,0.3466666666666667
R003025,0,0.10666666666666667
R006523,0,0.20666666666666667
R007059,0,0.12666666666666668
R007813,1,0.3566666666666667
R009205,1,0.2833333333333333
R001221,1,0.31
R001265,1,0.33666666666666667
R002056,1,0.31666666666666665
R003463,1,0.2866666666666667
R004414,1,0.3433333333333333
R005509,1,0.5033333333333333
R006705,1,0.2966666666666667
R008450,0,0.10333333333333333
R009007,0,0.15333333333333332
R009228,0,0.09333333333333334
R001682,1,0.22333333333333333
R004626,0,0.08
R004706,1,0.3466666666666667
R004741,0,0.17
R004842,1,0.23333333333333334
R002553,1,0.36666666666666664
R004715,0,0.14666666666666667
R006814,1,0.43
R007701,1,0.3933333333333333
R001264,1,0.27
R001365,0,0.21
R003174,1,0.2866666666666667
R003207,1,0.43
R003746,1,0.26
R003954,0,0.14333333333333334
R004913,1,0.34
R005204,0,0.17
R005360,1,0.31333333333333335
R006383,0,0.15333333333333332
R007674,0,0.03666666666666667
R001353,0,0.15333333333333332
R002128,1,0.44
R002612,1,0.45
R003525,0,0.2
R003951,1,0.43666666666666665
R004471,1,0.4666666666666667
R008092,0,0.12333333333333334
R008315,0,0.15333333333333332
R009106,1,0.3
R000905,1,0.26
R002824,1,0.3433333333333333
R004164,1,0.2733333333333333
R005186,1,0.30333333333333334
R008176,0,0.06
R001017,1,0.29333333333333333
R003803,1,0.29
R004158,1,0.32
R004403,1,0.47333333333333333
R005344,1,0.2833333333333333
R005427,1,0.26
R006015,1,0.24666666666666667
R008286,0,0.1
R008289,1,0.3
R009282,1,0.37333333333333335
R009451,1,0.29
R000248,0,0.15666666666666668
R000337,1,0.4633333333333333
R002888,0,0.19666666666666666
R003706,1,0.37333333333333335
R005283,1,0.24333333333333335
R006085,0,0.13333333333333333
R006092,0,0.06333333333333334
R008194,1,0.22666666666666666
R008377,1,0.23666666666666666
R009474,0,0.20666666666666667
R000160,0,0.07
R002413,1,0.41333333333333333
R005473,0,0.12333333333333334
R007108,1,0.26
R009257,1,0.38333333333333336
R000780,0,0.19
R003624,0,0.1
R003728,1,0.4533333333333333
R004120,1,0.2733333333333333
R005092,1,0.35333333333333333
R005484,1,0.4266666666666667
R005796,1,0.30333333333333334
R006699,1,0.35333333333333333
R001807,0,0.19333333333333333
R001916,1,0.4066666666666667
R002890,0,0.09
R003574,0,0.16333333333333333
R003926,0,0.14666666666666667
R004097,0,0.16
R004274,1,0.33
R005970,1,0.27
R005995,0,0.13
R009944,0,0.21333333333333335
R000449,0,0.21333333333333335
R001686,0,0.11666666666666667
R001959,1,0.2966666666666667
R003488,0,0.2
R004128,1,0.33
R006149,1,0.2733333333333333
R006820,1,0.29
R008120,1,0.29333333333333333
R009317,1,0.21666666666666667
R000310,0,0.17666666666666667
R001477,1,0.24
R002109,1,0.32666666666666666
R003001,1,0.35333333333333333
R003484,0,0.13
R003990,1,0.39666666666666667
R006992,1,0.5
R009090,1,0.31666666666666665
R009171,0,0.1
R000577,1,0.32
R001023,1,0.27
R004690,1,0.53
R005004,1,0.29
R005139,1,0.4033333333333333
R005243,1,0.2633333333333333
R005696,0,0.14333333333333334
R006848,1,0.34
R000216,1,0.34
R002681,0,0.06666666666666667
R003519,0,0.19
R006716,0,0.19666666666666666
R009360,1,0.35333333333333333
R000131,0,0.17666666666666667
R003523,0,0.12
R003854,1,0.29333333333333333
R005497,0,0.16
R006363,1,0.27
R007992,1,0.26666666666666666
R009175,0,0.06
R000385,0,0.14666666666666667
R000438,0,0.06666666666666667
R003336,1,0.26
R004697,1,0.2833333333333333
R005848,1,0.52
R005972,1,0.22333333333333333
R008619,0,0.18666666666666668
R001523,1,0.49666666666666665
R003048,1,0.31
R003622,1,0.38666666666666666
R004208,0,0.19333333333333333
R005915,1,0.2633333333333333
R006158,1,0.45
R009906,1,0.4266666666666667
R001623,0,0.05333333333333334
R002045,0,0.17
R002743,1,0.41333333333333333
R004462,1,0.29333333333333333
R005854,1,0.56
R006068,1,0.30666666666666664
R008841,0,0.15666666666666668
R008892,1,0.2966666666666667
R008936,0,0.16333333333333333
R000574,1,0.42
R002763,0,0.16666666666666666
R003375,0,0.08666666666666667
R003492,1,0.37
R003988,1,0.24333333333333335
R004938,1,0.35333333333333333
R005015,1,0.37333333333333335
R005038,1,0.23666666666666666
R009971,0,0.09
R009985,1,0.4033333333333333
R000621,1,0.25333333333333335
R000673,0,0.16666666666666666
R002777,1,0.38333333333333336
R003481,0,0.16333333333333333
R003552,1,0.39
R004107,0,0.19666666666666666
R006034,1,0.2866666666666667
R006810,1,0.25333333333333335
R007114,1,0.34
R008933,0,0.20333333333333334
R009353,1,0.24666666666666667
R009743,1,0.45
R000339,1,0.30666666666666664
R005006,0,0.06666666666666667
R006002,1,0.5933333333333334
R007360,0,0.17666666666666667
R008175,1,0.39666666666666667
R008730,1,0.3333333333333333
R009181,1,0.38333333333333336
R009472,1,0.6433333333333333
R009517,1,0.2633333333333333
R000180,0,0.07666666666666666
R001039,1,0.3433333333333333
R001069,1,0.2866666666666667
R004798,0,0.18
R004801,1,0.29333333333333333
R005887,1,0.26666666666666666
R006457,1,0.2966666666666667
R006594,1,0.33
R006755,1,0.39
R008320,1,0.24333333333333335
R009397,1,0.33
R009445,0,0.08666666666666667
R000848,0,0.12666666666666668
R000937,1,0.36666666666666664
R002632,0,0.04666666666666667
R003139,1,0.23
R005229,0,0.08666666666666667
R007612,1,0.3466666666666667
R007949,1,0.31
R009447,0,0.15
R009634,0,0.20333333333333334
R000239,1,0.36666666666666664
R000614,1,0.37666666666666665
R001801,1,0.27666666666666667
R002364,1,0.4266666666666667
R002469,1,0.3566666666666667
R004214,1,0.36333333333333334
R005313,0,0.14333333333333334
R005490,1,0.36
R005938,1,0.35
R006662,1,0.23
R007187,1,0.23666666666666666
R007467,1,0.26666666666666666
R001364,1,0.33666666666666667
R001999,1,0.34
R002015,0,0.05333333333333334
R004470,0,0.08333333333333333
R005521,0,0.05
R006966,1,0.2833333333333333
R008481,1,0.4033333333333333
R002487,1,0.22666666666666666
R002919,1,0.25
R003811,0,0.17
R005669,1,0.33
R007064,0,0.12666666666666668
R007339,0,0.09666666666666666
R008392,1,0.23
R008624,1,0.37666666666666665
R002713,0,0.16666666666666666
R007293,1,0.47333333333333333
R007440,0,0.12
R007833,1,0.38333333333333336
R008214,1,0.2833333333333333
R002540,1,0.22666666666666666
R003253,1,0.3433333333333333
R005403,1,0.29333333333333333
R006735,1,0.4633333333333333
R007137,0,0.16666666666666666
R002969,1,0.3933333333333333
R003370,1,0.22333333333333333
R003451,0,0.21333333333333335
R005751,1,0.29333333333333333
R005752,0,0.10333333333333333
R006090,0,0.14
R007394,0,0.19666666666666666
R008273,0,0.15333333333333332
R008861,0,0.12666666666666668
R009586,1,0.24666666666666667
R000502,0,0.08
R000537,0,0.20333333333333334
R002797,1,0.4866666666666667
R004143,0,0.15
R005959,1,0.45
R007574,0,0.11
R008786,1,0.30666666666666664
R008904,1,0.24
R000364,0,0.18
R001273,1,0.43
R002589,1,0.51
R003586,0,0.1
R003880,0,0.21
R004756,1,0.6566666666666666
R006414,0,0.20333333333333334
R006601,1,0.5766666666666667
R007885,0,0.20333333333333334
R008430,0,0.15666666666666668
R008803,1,0.2966666666666667
R009241,0,0.14
R009558,1,0.23
R009631,0,0.15333333333333332
R000345,1,0.27666666666666667
R001454,0,0.15
R003058,0,0.14
R003683,1,0.4166666666666667
R004126,1,0.34
R004484,1,0.27666666666666667
R005029,0,0.18
R005214,1,0.4766666666666667
R005829,0,0.13666666666666666
R006096,0,0.13
R007652,1,0.26666666666666666
R007722,1,0.23
R008631,1,0.4
R009632,1,0.30333333333333334
R001577,1,0.22
R004686,1,0.3
R006116,1,0.49
R007797,1,0.21666666666666667
R009701,1,0.25333333333333335
R001809,1,0.36
R001853,1,0.5566666666666666
R001903,0,0.12333333333333334
R002717,1,0.25333333333333335
R004420,1,0.3466666666666667
R005119,1,0.43
R005587,0,0.2
R007762,1,0.23333333333333334
R008013,0,0.17333333333333334
R008992,1,0.30666666666666664
R009536,0,0.20333333333333334
R009680,1,0.2633333333333333
R000183,0,0.20333333333333334
R000386,1,0.3333333333333333
R001244,1,0.27666666666666667
R002587,1,0.4166666666666667
R005722,0,0.19333333333333333
R007898,1,0.37
R008160,1,0.23666666666666666
R008422,1,0.31333333333333335
R008848,1,0.43
R009869,1,0.47
